id,loc,cnty,lon,lat,elev
2,foula-no-2,shetland,-2.065,60.11,22
3,fair-isle,shetland,-1.63,59.526,57
4,sumburgh,shetland,-1.299,59.879,7
5,hamnavoe,shetland,-1.333,60.104,21
9,lerwick,shetland,-1.185,60.139,82
10,sella-ness,shetland,-1.278,60.447,7
11,muckle-holm,shetland,-1.266,60.581,20
12,baltasound-no-2,shetland,-0.856,60.748,15
13,baltasound,shetland,-0.888,60.759,24
16,north-rona-island,orkney,-5.827,59.124,98
17,sule-skerry,orkney,-4.405,59.082,12
23,kirkwall,orkney,-2.901,58.953,26
26,dounreay,caithness,-3.739,58.579,21
30,scrabster-harbour,caithness,-3.547,58.612,10
32,wick-airport,caithness,-3.09,58.454,36
35,geisgeil,sutherland,-5.126,58.319,12
36,duartmore-bridge,sutherland,-5.072,58.289,30
37,cape-wrath,sutherland,-5,58.625,112
40,cassley,sutherland,-4.727,58.168,99
43,lairg-no-2,sutherland,-4.407,58.019,91
44,altnaharra-no-2,sutherland,-4.442,58.288,81
45,torrisdale,sutherland,-4.273,58.523,27
48,kinbrace-hatchery,sutherland,-3.922,58.23,103
50,strathy-east,sutherland,-3.992,58.561,68
52,aultbea-no-2,ross-and-cromarty,-5.633,57.859,11
54,stornoway-airport,western-isles,-6.319,58.213,15
55,butt-of-lewis,western-isles,-6.262,58.516,16
58,diabaig,ross-and-cromarty,-5.692,57.579,60
63,inverpolly,ross-and-cromarty,-5.267,58.068,14
64,plockton,ross-and-cromarty,-5.653,57.337,12
67,loch-glascarnoch,ross-and-cromarty,-4.895,57.725,269
74,dingwall,ross-and-cromarty,-4.447,57.6,7
77,invergordon-harbour,ross-and-cromarty,-4.167,57.687,3
78,invergordon,ross-and-cromarty,-4.158,57.703,15
79,tain-range,ross-and-cromarty,-3.967,57.819,4
82,barra-w-i,western-isles,-7.449,57.025,3
83,lochboisdale,western-isles,-7.316,57.155,6
84,benbecula-airport,western-isles,-7.371,57.475,6
89,rhum-kinloch,inverness-shire,-6.282,57.014,5
90,skye-prabost,inverness-shire,-6.305,57.467,67
92,inverailort,inverness-shire,-5.67,56.872,2
96,onich,inverness-shire,-5.224,56.72,15
101,corpach,inverness-shire,-5.149,56.839,8
102,kiltarlity,inverness-shire,-4.497,57.427,75
103,aonach-mor,inverness-shire,-4.969,56.822,1130
105,tulloch-bridge,inverness-shire,-4.708,56.867,249
106,fort-augustus-no-2,inverness-shire,-4.718,57.138,42
110,lentran,inverness-shire,-4.373,57.459,146
111,dalwhinnie-no-2,inverness-shire,-4.238,56.94,351
113,aviemore,inverness-shire,-3.828,57.206,228
116,dalcross,inverness-shire,-4.062,57.542,11
117,cairngorm-summit,inverness-shire,-3.643,57.116,1237
120,cairngorm,inverness-shire,-3.645,57.124,1090
126,nairn,nairnshire,-3.893,57.587,8
127,forres-no-2,moray-in-grampian-region,-3.61,57.615,5
128,grantown-on-spey-grammar-school,moray-in-highland-region,-3.6,57.334,218
130,grantown-on-spey,moray-in-highland-region,-3.606,57.335,220
132,kinloss,moray-in-grampian-region,-3.563,57.645,5
133,aldroughty,moray-in-grampian-region,-3.379,57.645,30
137,lossiemouth,moray-in-grampian-region,-3.323,57.711,7
139,clashnoir,banffshire,-3.287,57.282,338
141,keith,banffshire,-2.949,57.553,106
145,cairnwell,aberdeenshire,-3.421,56.879,928
148,balmoral,aberdeenshire,-3.22,57.037,283
149,ballater-field-centre,aberdeenshire,-3.043,57.047,200
150,aboyne-no-2,aberdeenshire,-2.841,57.076,140
151,dinnet,aberdeenshire,-2.916,57.109,177
156,gartly,aberdeenshire,-2.795,57.379,146
160,craibstone,aberdeenshire,-2.215,57.187,102
161,dyce,aberdeenshire,-2.205,57.205,65
163,aberdeen-mannofield-resr,aberdeenshire,-2.14,57.128,52
166,fraserburgh,aberdeenshire,-2.003,57.697,18
167,culterty-no-2,aberdeenshire,-2.003,57.325,3
170,peterhead-harbour,aberdeenshire,-1.774,57.502,15
176,durris,kincardineshire,-2.404,57.032,107
177,inverbervie-no-2,kincardineshire,-2.266,56.852,134
181,mylnefield,angus,-3.07,56.456,26
183,dundee,angus,-2.94,56.47,45
185,forfar-no-3,angus,-2.929,56.683,91
186,forfar-no-2,angus,-2.775,56.657,67
187,whitehillocks,angus,-2.907,56.906,258
190,bell-rock,angus,-2.387,56.434,39
193,montrose,angus,-2.481,56.746,55
194,crianlarich,perthshire-in-central-region,-4.659,56.419,174
195,tyndrum-no-3,perthshire-in-central-region,-4.661,56.419,168
201,balquhidder-no-2,perthshire-in-central-region,-4.397,56.355,136
205,ardtalnaig,perthshire-in-tayside-region,-4.112,56.528,130
208,drummond-castle,perthshire-in-tayside-region,-3.877,56.338,113
209,tummel-bridge,perthshire-in-tayside-region,-4.011,56.706,148
212,strathallan-airfield,perthshire-in-tayside-region,-3.729,56.326,35
214,faskally,perthshire-in-tayside-region,-3.77,56.718,94
221,perth,perthshire-in-tayside-region,-3.458,56.399,23
223,perth-aerodrome,perthshire-in-tayside-region,-3.372,56.437,118
226,kinross,kinross-shire,-3.413,56.214,116
235,leuchars,fife,-2.862,56.377,10
237,belliston,fife,-2.796,56.239,82
239,fife-ness,fife,-2.586,56.279,12
240,blackburn-s-wks,west-lothian-in-lothian-region,-3.589,55.872,131
246,turnhouse,midlothian-in-lothian-region,-3.348,55.951,35
247,edinburgh-east-craigs,midlothian-in-lothian-region,-3.307,55.948,61
250,bush-house,midlothian-in-lothian-region,-3.208,55.86,184
251,edinburgh-blackford-hill,midlothian-in-lothian-region,-3.191,55.923,134
262,nunraw-abbey,east-lothian,-2.652,55.921,197
263,haddington,east-lothian,-2.751,55.96,41
264,dunbar,east-lothian,-2.528,56.004,23
265,mertoun,berwickshire,-2.562,55.581,69
267,blythe,berwickshire,-2.662,55.737,262
268,charterhall,berwickshire,-2.385,55.709,115
273,stanhope-farm,peebleshire,-3.392,55.552,226
274,blyth-bridge,peebleshire,-3.368,55.703,253
275,west-linton,peebleshire,-3.356,55.754,244
279,bowhill,selkirkshire,-2.906,55.541,168
284,greycrook,roxburghshire,-2.637,55.567,76
285,carterhouse,roxburghshire,-2.519,55.358,308
286,floors-castle,roxburghshire,-2.468,55.603,59
288,sourhope,roxburghshire,-2.247,55.475,221
293,redesdale,northumberland,-2.263,55.253,235
300,wallington,northumberland,-1.945,55.154,150
307,newcastle-weather-centre,tyne-and-wear,-1.598,54.977,52
315,boulmer,northumberland,-1.601,55.421,23
317,burnhope,durham,-1.715,54.821,238
322,low-etherley,durham,-1.74,54.655,162
326,durham,durham,-1.586,54.768,102
330,south-shields,tyne-and-wear,-1.418,55.003,5
339,bainbridge,north-yorkshire,-2.101,54.308,210
341,wycliffe-hall,north-yorkshire,-1.818,54.521,120
342,dishforth-airfield,north-yorkshire,-1.414,54.135,33
346,linton-on-ouse,north-yorkshire,-1.251,54.045,14
352,south-gare,cleveland,-1.138,54.647,8
357,wykeham-forest,north-yorkshire,-0.568,54.281,214
358,fylingdales,north-yorkshire,-0.672,54.359,262
359,whitby,north-yorkshire,-0.626,54.481,41
360,scarborough,north-yorkshire,-0.423,54.273,110
363,silpho-moor,north-yorkshire,-0.53,54.338,203
367,high-mowthorpe,north-yorkshire,-0.643,54.105,175
369,hull,humberside,-0.358,53.756,2
370,leconfield,humberside,-0.442,53.875,7
373,bridlington-mrsc,humberside,-0.176,54.094,15
376,kilnsea,humberside,0.141,53.622,12
377,spurn-point,humberside,0.111,53.575,6
379,cowden,humberside,-0.103,53.844,15
381,scampton,lincolnshire,-0.548,53.307,57
384,waddington,lincolnshire,-0.523,53.175,68
386,cranwell,lincolnshire,-0.504,53.031,63
392,kirton-horticulture,lincolnshire,-0.068,52.937,4
393,coningsby,lincolnshire,-0.173,53.094,6
394,binbrook,lincolnshire,-0.202,53.445,108
395,holbeach-no-2,lincolnshire,0.139,52.873,3
396,driby,lincolnshire,0.077,53.249,41
399,cleethorpes-haverstoe-park,humberside,-0.03,53.55,7
401,manby,lincolnshire,0.097,53.361,13
403,skegness,lincolnshire,0.346,53.148,6
404,lincoln-canwick,lincolnshire,-0.505,53.222,7
405,donna-nook-no-2,lincolnshire,0.153,53.475,8
406,terrington-st-clement,norfolk,0.288,52.745,2
407,denver,norfolk,0.346,52.583,3
408,norwich-weather-centre,norfolk,1.298,52.626,35
409,marham,norfolk,0.566,52.651,21
413,santon-downham,suffolk,0.671,52.459,6
415,west-raynham,norfolk,0.737,52.786,73
416,sculthorpe,norfolk,0.755,52.851,65
417,bressingham,norfolk,1.052,52.387,35
421,weybourne,norfolk,1.122,52.949,21
429,coltishall,norfolk,1.351,52.757,17
432,gorleston,norfolk,1.738,52.572,4
433,hemsby,norfolk,1.687,52.686,13
434,mildenhall,suffolk,0.471,52.372,5
435,brooms-barn,suffolk,0.566,52.261,75
436,cavendish,suffolk,0.628,52.091,55
438,honington,suffolk,0.77,52.34,51
439,east-bergholt,suffolk,1.023,51.96,7
440,wattisham,suffolk,0.957,52.124,89
443,felixstowe,suffolk,1.325,51.947,3
451,boxworth-samson-field,cambridgeshire,-0.033,52.251,53
452,mepal,cambridgeshire,0.1,52.422,-2
453,march,cambridgeshire,0.093,52.55,2
454,cambridge-botanic-garden,cambridgeshire,0.129,52.194,13
455,cambridge-niab,cambridgeshire,0.1,52.245,26
456,monks-wood,cambridgeshire,-0.237,52.402,41
457,wyton,cambridgeshire,-0.116,52.354,40
458,woburn,bedfordshire,-0.596,52.014,89
461,bedford,bedfordshire,-0.465,52.227,85
464,silsoe,bedfordshire,-0.41,52.01,59
465,cardington,bedfordshire,-0.422,52.105,27
470,garston-building-research,hertfordshire,-0.376,51.702,78
471,rothamsted,hertfordshire,-0.36,51.807,128
481,high-beach,essex,0.041,51.664,110
484,stansted,essex,0.223,51.881,101
487,writtle,essex,0.429,51.734,32
489,coryton,essex,0.515,51.513,3
496,southend-southchurch-park,essex,0.738,51.532,4
497,shoeburyness,essex,0.807,51.537,2
498,shoeburyness-landwick,essex,0.827,51.555,2
501,thames-tower,essex,1.111,51.774,8
504,walton-on-the-naze,essex,1.28,51.855,5
507,slaidburn,lancashire,-2.435,53.988,192
509,malham-tarn,north-yorkshire,-2.164,54.1,381
513,bingley-no-2,west-yorkshire,-1.867,53.811,262
521,emley-moor,west-yorkshire,-1.665,53.613,259
523,leeds-weather-centre,west-yorkshire,-1.561,53.801,64
525,sheffield,south-yorkshire,-1.491,53.381,131
527,high-bradfield,south-yorkshire,-1.584,53.433,395
533,church-fenton,north-yorkshire,-1.199,53.836,8
534,bramham,west-yorkshire,-1.319,53.869,54
535,cawood,north-yorkshire,-1.148,53.828,6
536,askham-bryan,north-yorkshire,-1.163,53.923,32
538,skipton-no-2,north-yorkshire,-2.03,53.967,153
545,barbrook,derbyshire,-1.579,53.288,323
549,ashover-no-2,derbyshire,-1.48,53.162,178
554,sutton-bonington,nottinghamshire,-1.251,52.836,43
556,nottingham-watnall,nottinghamshire,-1.251,53.006,117
559,nottingham,nottinghamshire,-1.155,52.95,59
561,warsop,nottinghamshire,-1.116,53.223,46
562,finningley,south-yorkshire,-1.008,53.483,10
564,southwell,nottinghamshire,-0.963,53.064,70
565,west-retford,nottinghamshire,-0.956,53.338,14
566,wiseton,nottinghamshire,-0.932,53.396,6
567,clarborough,nottinghamshire,-0.901,53.341,21
569,newtown-linford,leicestershire,-1.217,52.681,119
574,brooksby-hall-no-2,leicestershire,-0.996,52.732,70
575,caldecott-p-sta,leicestershire,-0.727,52.53,53
576,cottesmore,leicestershire,-0.656,52.727,136
583,wittering,cambridgeshire,-0.468,52.612,74
589,luddington,warwickshire,-1.757,52.173,56
593,elmdon,west-midlands,-1.742,52.453,96
595,church-lawford,warwickshire,-1.331,52.359,107
596,wellesbourne,warwickshire,-1.605,52.206,47
604,rugby,warwickshire,-1.257,52.37,117
605,brize-norton,oxfordshire,-1.578,51.758,82
606,oxford,oxfordshire,-1.264,51.761,63
613,benson,oxfordshire,-1.099,51.62,57
616,grendon-underwood,buckinghamshire,-1.016,51.889,67
617,amersham-no-2,buckinghamshire,-0.592,51.668,137
620,chenies-no-2,buckinghamshire,-0.534,51.69,139
622,keele,staffordshire,-2.27,52.999,179
626,penkridge,staffordshire,-2.12,52.702,101
627,cellarhead,staffordshire,-2.085,53.04,228
635,oswestry-school,shropshire,-3.063,52.856,139
638,preston-montford,shropshire,-2.842,52.725,71
642,ludlow-w-wks,shropshire,-2.712,52.355,72
643,shawbury,shropshire,-2.665,52.795,72
651,newport-salop,shropshire,-2.428,52.778,66
657,pershore,hereford-and-worcester,-2.041,52.148,35
658,pershore-college,hereford-and-worcester,-2.06,52.1,37
660,astwood-bank,hereford-and-worcester,-1.935,52.248,137
663,halesowen,west-midlands,-2.076,52.438,153
668,bromyard-batchley-farm,hereford-and-worcester,-2.587,52.214,250
669,shobdon-airfield,hereford-and-worcester,-2.886,52.243,99
670,great-malvern,hereford-and-worcester,-2.306,52.121,44
671,ross-on-wye,hereford-and-worcester,-2.586,51.911,67
672,worcester-cornmeadow,hereford-and-worcester,-2.225,52.224,30
673,preston-wynne,hereford-and-worcester,-2.638,52.125,84
674,avonmouth,avon,-2.717,51.506,9
675,bristol-weather-centre,avon,-2.6,51.453,42
676,filton,avon,-2.577,51.522,59
680,slimbridge,gloucestershire,-2.404,51.74,5
686,innsworth,gloucestershire,-2.196,51.891,21
688,cirencester,gloucestershire,-1.996,51.709,133
689,fairford-airfield,gloucestershire,-1.773,51.69,82
691,westonbirt,gloucestershire,-2.221,51.607,135
692,little-rissington,gloucestershire,-1.693,51.861,210
706,blackwall,greater-london,0.007,51.508,5
708,heathrow,greater-london,-0.451,51.479,25
709,northolt,greater-london,-0.417,51.549,33
711,hampton-w-wks,greater-london,-0.378,51.412,12
718,merrist-wood,surrey,-0.618,51.274,51
719,wisley,surrey,-0.476,51.311,38
720,mickleham,surrey,-0.321,51.261,55
721,kew,greater-london,-0.316,51.468,5
723,kew-gardens,greater-london,-0.294,51.482,6
725,gatwick,west-sussex,-0.193,51.152,59
726,kenley-airfield,greater-london,-0.092,51.304,170
738,hadlow-college,kent,0.33,51.223,27
741,gravesend-no-2,kent,0.374,51.445,20
743,langdon-bay,kent,1.343,51.134,117
744,east-malling,kent,0.448,51.288,33
752,sheerness,kent,0.744,51.447,25
753,isle-of-grain,kent,0.703,51.442,3
755,lydd-ranges,kent,0.889,50.937,1
757,faversham,kent,0.878,51.297,46
758,dungeness,kent,0.972,50.913,6
759,lydd-ashford-airport,kent,0.94,50.959,13
760,wye,kent,0.945,51.185,56
764,folkestone-tml,kent,1.119,51.09,67
765,herne-bay-no-2,kent,1.135,51.358,40
770,dover,kent,1.314,51.121,6
771,dover-no-2,kent,1.342,51.121,6
774,deal,kent,1.403,51.232,2
775,manston,kent,1.335,51.347,49
779,thorney-island,west-sussex,-0.922,50.815,4
782,bognor-regis,west-sussex,-0.677,50.782,7
787,rustington,west-sussex,-0.518,50.821,3
794,shoreham-by-sea,west-sussex,-0.249,50.827,15
795,shoreham-airport,west-sussex,-0.294,50.836,2
798,brighton-marina,east-sussex,-0.108,50.814,3
799,newhaven,east-sussex,0.057,50.782,5
803,plumpton,east-sussex,-0.071,50.906,76
808,eastbourne,east-sussex,0.283,50.759,15
810,herstmonceux,east-sussex,0.336,50.865,18
811,herstmonceux-west-end,east-sussex,0.317,50.891,52
812,bexhill,east-sussex,0.464,50.838,4
816,brede,east-sussex,0.593,50.939,82
818,hastings,east-sussex,0.57,50.856,45
819,lambourn,berkshire,-1.49,51.533,192
822,abingdon,oxfordshire,-1.308,51.689,69
825,wallingford,oxfordshire,-1.113,51.603,47
830,reading-university-whiteknights,berkshire,-0.938,51.441,66
838,bracknell-beaufort-park,berkshire,-0.786,51.39,74
842,hurn,dorset,-1.836,50.779,10
843,bournemouth-kings-park,dorset,-1.824,50.734,27
844,ibsley,hampshire,-1.772,50.884,27
846,everton,hampshire,-1.575,50.742,16
847,middle-wallop,hampshire,-1.57,51.15,90
850,southampton,hampshire,-1.404,50.901,19
853,calshot,hampshire,-1.307,50.82,2
855,otterbourne-w-wks,hampshire,-1.335,51.009,34
858,solent,hampshire,-1.211,50.808,9
859,martyr-worthy,hampshire,-1.263,51.103,85
860,kingsclere-strattons-farm,hampshire,-1.265,51.344,102
862,odiham,hampshire,-0.945,51.239,118
863,hayling-island,hampshire,-0.986,50.785,4
865,butser-windmill-hill,hampshire,-0.976,50.944,92
867,long-sutton,hampshire,-0.93,51.213,145
868,alice-holt-lodge,hampshire,-0.85,51.178,115
869,south-farnborough,hampshire,-0.773,51.28,65
876,wight-st-catherines-point,isle-of-wight,-1.297,50.576,20
877,wight-ventnor-park,isle-of-wight,-1.213,50.593,60
882,netheravon,wiltshire,-1.766,51.244,129
886,lyneham,wiltshire,-1.992,51.503,145
888,larkhill,wiltshire,-1.806,51.202,132
889,boscombe-down,wiltshire,-1.755,51.162,126
892,porton,wiltshire,-1.701,51.128,111
896,orsay,argyll-in-strathclyde-region,-6.511,55.674,23
898,colonsay-hotel,argyll-in-strathclyde-region,-6.195,56.069,15
900,aros,argyll-in-strathclyde-region,-5.981,56.536,37
908,machrihanish,argyll-in-strathclyde-region,-5.697,55.441,10
916,lephinmore,argyll-in-strathclyde-region,-5.24,56.084,9
917,knapdale-forest-no-2,argyll-in-strathclyde-region,-5.482,56.059,12
918,dunstaffnage,argyll-in-strathclyde-region,-5.44,56.45,3
926,benmore-younger-botanic-garden,argyll-in-strathclyde-region,-4.985,56.028,12
928,ardentinny,argyll-in-strathclyde-region,-4.914,56.046,5
930,black-mount,argyll-in-strathclyde-region,-4.796,56.545,175
939,bute-rothesay,buteshire,-5.064,55.839,43
940,gt-cumbrae-millport,buteshire,-4.908,55.749,5
944,helensburgh-no-2,dunbartonshire,-4.724,56.016,96
949,gartocharn-portnellan-farm,dunbartonshire,-4.567,56.048,40
950,arrochymore,stirling-in-central-region,-4.549,56.093,30
952,inchterf,dunbartonshire,-4.119,55.958,40
953,cumbernauld,dunbartonshire,-3.969,55.961,94
954,mugdock-park,stirling-in-central-region,-4.33,55.973,165
960,falkirk-s-wks,stirling-in-central-region,-3.763,56.018,3
968,paisley,renfrewshire,-4.431,55.845,32
970,renfrew,renfrewshire,-4.386,55.867,8
973,drumclog,lanarkshire,-4.201,55.627,227
978,east-kilbride-no-2,lanarkshire,-4.172,55.755,178
981,coatbridge,lanarkshire,-4.056,55.855,66
982,salsburgh,lanarkshire,-3.875,55.861,277
984,lowther-hill,lanarkshire,-3.753,55.378,754
987,drumalbin,lanarkshire,-3.736,55.627,245
990,abington,lanarkshire,-3.692,55.489,247
991,carnwath,lanarkshire,-3.634,55.7,208
995,ardrossan,ayrshire,-4.82,55.642,4
996,hunterston-no-3,ayrshire,-4.893,55.723,8
1005,auchincruive,ayrshire,-4.565,55.477,48
1006,prestwick-no-2,ayrshire,-4.584,55.501,16
1007,prestwick-gannet,ayrshire,-4.585,55.515,27
1008,dalry,ayrshire,-4.719,55.718,33
1012,cumnock,ayrshire,-4.274,55.453,99
1013,saughall,ayrshire,-4.226,55.601,221
1015,dumfries-drungans,kirkcudbrightshire,-3.645,55.054,16
1017,dumfries,dumfriesshire,-3.595,55.056,49
1023,eskdalemuir,dumfriesshire,-3.207,55.312,236
1024,bargrennan,kirkcudbrightshire,-4.569,55.077,110
1025,palnure-no-2,kirkcudbrightshire,-4.419,54.952,15
1026,clatteringshaws-no-2,kirkcudbrightshire,-4.266,55.075,178
1033,dundrennan,kirkcudbrightshire,-4.008,54.803,113
1034,glenlochar-barrage,kirkcudbrightshire,-3.982,54.96,47
1039,west-freugh,wigtownshire,-4.935,54.859,11
1040,penwhirn,wigtownshire,-4.929,54.983,166
1042,creebridge,wigtownshire,-4.475,54.96,18
1043,whithorn,wigtownshire,-4.418,54.703,40
1051,sellafield,cumbria,-3.501,54.415,13
1053,sellafield-no-2,cumbria,-3.507,54.426,22
1054,eskmeals,cumbria,-3.408,54.325,8
1055,st-bees-head-no-2,cumbria,-3.615,54.518,125
1060,keswick,cumbria,-3.157,54.614,88
1061,aspatria,cumbria,-3.316,54.768,62
1066,drumburgh,cumbria,-3.158,54.931,7
1070,carlisle,cumbria,-2.964,54.934,28
1074,warcop-range,cumbria,-2.413,54.572,227
1075,spadeadam,cumbria,-2.629,55.041,274
1076,spadeadam-no-2,cumbria,-2.554,55.05,285
1078,walney-island,cumbria,-3.258,54.125,15
1083,shap,cumbria,-2.685,54.502,263
1084,great-dun-fell,cumbria,-2.45,54.684,847
1085,great-dun-fell-no-2,cumbria,-2.451,54.684,847
1086,moor-house,cumbria,-2.377,54.69,556
1087,widdybank-fell,cumbria,-2.284,54.663,513
1090,blackpool-squires-gate,lancashire,-3.038,53.776,10
1093,aigburth-rtc,merseyside,-2.927,53.36,12
1095,southport,merseyside,-2.954,53.679,5
1096,aughton,lancashire,-2.916,53.55,54
1098,fleetwood,lancashire,-3.017,53.926,19
1100,grizedale,cumbria,-3.021,54.338,91
1101,speke,merseyside,-2.847,53.332,22
1105,hazelrigg,lancashire,-2.775,54.014,95
1111,preston-moor-park,lancashire,-2.705,53.774,33
1112,myerscough,lancashire,-2.767,53.854,14
1115,winter-hill,lancashire,-2.516,53.626,440
1119,stonyhurst,lancashire,-2.47,53.845,115
1120,manchester-weather-centre,greater-manchester,-2.244,53.483,69
1125,rochdale,greater-manchester,-2.179,53.609,110
1128,bidston,merseyside,-3.075,53.4,60
1130,ness-gardens,cheshire,-3.047,53.272,38
1131,delamere-forest-no-2,cheshire,-2.707,53.237,68
1135,ringway,greater-manchester,-2.281,53.356,69
1136,macclesfield,cheshire,-2.136,53.265,143
1137,rhyl-no-2,clwyd,-3.509,53.259,77
1142,moel-y-crio,clwyd,-3.209,53.22,263
1144,hawarden-airport,clwyd,-2.986,53.175,11
1145,valley,gwynedd,-4.536,53.253,10
1151,colwyn-bay-nursery-gardens,clwyd,-3.712,53.293,24
1154,loggerheads-colomendy-centre,clwyd,-3.197,53.149,225
1161,aberdaron,gwynedd,-4.741,52.789,86
1165,pen-y-ffridd,gwynedd,-4.155,53.21,86
1167,snowdon-summit,gwynedd,-4.077,53.068,1040
1170,aber-no-2,gwynedd,-4.015,53.238,15
1171,capel-curig-no-3,gwynedd,-3.941,53.094,216
1173,arthog-fegla-fach-farm,gwynedd,-4.015,52.718,7
1176,trawsfynydd,gwynedd,-3.943,52.932,193
1180,bala,gwynedd,-3.584,52.908,163
1185,machynlleth,powys-north,-3.843,52.622,76
1187,moel-cynnedd,powys-north,-3.705,52.475,358
1190,lake-vyrnwy-no-2,powys-north,-3.465,52.757,360
1192,newtown,powys-north,-3.34,52.5,120
1201,aberystwyth-frongoch,dyfed,-4.052,52.423,137
1205,gogerddan,dyfed,-4.02,52.432,31
1209,trawsgoed,dyfed,-3.948,52.344,63
1211,cwmystwyth,dyfed,-3.803,52.359,301
1214,dale-fort,dyfed,-5.152,51.703,33
1215,milford-haven-conservancy-board,dyfed,-5.053,51.709,44
1216,brawdy,dyfed,-5.124,51.88,111
1217,orielton,dyfed,-4.96,51.653,60
1223,whitechurch,dyfed,-4.679,51.989,129
1226,pembrey-sands,dyfed,-4.367,51.714,3
1233,bronydd-mawr,powys-south,-3.629,51.964,330
1239,cefn-llech,powys-south,-3.537,52.384,317
1246,presteigne,powys-south,-3.052,52.283,177
1249,libanus,powys-south,-3.489,51.924,331
1250,pencelli,powys-south,-3.324,51.913,160
1255,mumbles-head,west-glamorgan,-3.982,51.566,44
1258,port-talbot,west-glamorgan,-3.754,51.567,5
1265,aberdare,mid-glamorgan,-3.462,51.718,174
1267,rhoose,south-glamorgan,-3.344,51.401,65
1268,cilfynydd,mid-glamorgan,-3.302,51.636,194
1270,flat-holm,south-glamorgan,-3.123,51.379,15
1271,cardiff-weather-centre,south-glamorgan,-3.179,51.478,52
1275,tredegar-bryn-bach-park,gwent,-3.276,51.785,380
1276,tredegar-bryn-bach-park-no-2,gwent,-3.268,51.784,360
1285,liscombe,somerset,-3.609,51.087,348
1289,tivington,somerset,-3.531,51.201,83
1290,nettlecombe-birds-hill,somerset,-3.349,51.118,271
1293,cannington,somerset,-3.066,51.153,25
1294,hinkley-point,somerset,-3.194,51.2,20
1302,yeovilton,somerset,-2.643,51.006,20
1304,rodney-stoke,somerset,-2.734,51.248,40
1316,portland,dorset,-2.45,50.566,3
1319,isle-of-portland,dorset,-2.456,50.522,52
1322,winfrith,dorset,-2.256,50.682,26
1324,fontmell-magna,dorset,-2.185,50.951,90
1336,plymouth-mountbatten,devon,-4.121,50.355,50
1338,rumleigh,devon,-4.196,50.491,23
1340,tavistock-kilworthy-college,devon,-4.145,50.572,192
1344,north-hessary-tor,devon,-4.009,50.549,510
1345,okehampton-east-okement-farm,devon,-3.977,50.703,408
1346,chivenor,devon,-4.149,51.089,6
1350,princetown-prison,devon,-4.001,50.549,453
1352,north-wyke,devon,-3.904,50.769,177
1353,burrington-common-head,devon,-3.987,50.933,199
1356,salcombe-no-2,devon,-3.767,50.24,3
1357,brixham,devon,-3.51,50.397,8
1362,slapton,devon,-3.652,50.293,32
1363,strete,devon,-3.633,50.309,125
1366,bovey-tracey-yarner-wood-no-2,devon,-3.717,50.592,198
1367,berry-head,devon,-3.484,50.399,58
1369,torquay-abbey-park,devon,-3.541,50.465,15
1373,clyst-honiton,devon,-3.439,50.722,22
1378,exeter-airport,devon,-3.417,50.731,27
1380,rousdon-no-2,devon,-3,50.711,150
1382,hemyock,devon,-3.227,50.909,168
1383,dunkeswell-aerodrome,devon,-3.24,50.86,252
1385,scilly-st-marys,isles-of-scilly,-6.303,49.929,51
1386,scilly-st-marys-airport,isles-of-scilly,-6.296,49.915,31
1388,gwennap-head,cornwall,-5.681,50.037,66
1391,davidstow-moor,cornwall,-4.622,50.641,291
1393,culdrose,cornwall,-5.257,50.084,76
1395,camborne,cornwall,-5.328,50.218,87
1397,lizard,cornwall,-5.208,49.963,73
1398,lizard-lighthouse,cornwall,-5.202,49.959,55
1399,falmouth,cornwall,-5.078,50.152,51
1405,st-mawgan,cornwall,-4.998,50.439,103
1408,heligan,cornwall,-4.807,50.283,70
1411,delabole,cornwall,-4.725,50.619,201
1412,treknow,cornwall,-4.755,50.646,100
1414,goonhilly-down,cornwall,-5.189,50.049,101
1415,cardinham-bodmin,cornwall,-4.667,50.502,200
1418,bude,cornwall,-4.546,50.829,15
1426,boom-hall,londonderry,-7.305,55.02,33
1428,loughermore-forest,londonderry,-7.089,54.959,174
1429,ballykelly,londonderry,-7.008,55.057,4
1430,dungiven-bovevagh,londonderry,-7.023,54.971,235
1431,banagher-caugh-hill,londonderry,-6.966,54.886,214
1432,aghanloo,londonderry,-6.947,55.073,18
1434,derrynoyd-forest,londonderry,-6.803,54.802,88
1435,lough-fea,londonderry,-6.815,54.721,225
1437,coleraine-university,londonderry,-6.678,55.154,23
1448,portglenone,antrim,-6.458,54.865,64
1449,lisnafillan,antrim,-6.326,54.857,38
1450,aldergrove,antrim,-6.225,54.664,63
1452,altnahinch-filters,antrim,-6.255,55.048,213
1455,nutts-corner,antrim,-6.149,54.632,103
1458,parkmore-forest,antrim,-6.12,55.019,235
1460,dungonnell-filters-no-2,antrim,-6.144,54.989,268
1465,oldpark-filters,antrim,-5.949,54.627,58
1467,ballypatrick-forest,antrim,-6.154,55.181,156
1475,belfast-newforge,down,-5.941,54.56,36
1476,belfast-harbour,antrim,-5.892,54.627,43
1480,larne,antrim,-5.832,54.852,43
1482,kilroot-power-station,antrim,-5.773,54.727,12
1487,newry-carnbane,down,-6.351,54.206,8
1488,killowen,down,-6.184,54.077,4
1489,hillsborough,down,-6.073,54.453,116
1490,hillsborough-met-office,down,-6.098,54.485,38
1491,silent-valley,down,-6.002,54.127,129
1492,kilkeel,down,-5.993,54.058,18
1493,mourne-grange,down,-6.042,54.068,44
1495,ballykine-rockvale,down,-5.93,54.399,125
1497,bryansford,down,-5.937,54.228,85
1498,belfast-shaws-bridge,down,-5.948,54.548,15
1502,murlough,down,-5.832,54.245,12
1504,katesbridge,down,-6.111,54.297,91
1507,stormont-castle,down,-5.83,54.603,56
1509,magherally,down,-6.196,54.359,97
1516,creightons-green,down,-5.785,54.637,119
1517,ballywatticock,down,-5.657,54.572,6
1518,bangor-rathgael,down,-5.682,54.639,55
1521,bangor-harbour,down,-5.669,54.664,11
1523,helens-bay,down,-5.748,54.669,43
1525,killough,down,-5.638,54.243,15
1526,lough-cowey,down,-5.539,54.414,10
1529,orlock-head,down,-5.584,54.674,35
1530,armagh,armagh,-6.65,54.352,62
1531,loughgall-no-1,armagh,-6.604,54.408,25
1532,annaghmore,armagh,-6.603,54.459,27
1534,glenanne-no-2,armagh,-6.504,54.237,161
1535,tandragee-ballylisk,armagh,-6.427,54.369,43
1538,portadown-s-wks,armagh,-6.43,54.438,16
1542,lough-bradan,tyrone,-7.6,54.6,169
1543,castlederg,tyrone,-7.577,54.707,49
1549,carrigans,tyrone,-7.326,54.675,113
1551,edenfel,tyrone,-7.283,54.594,89
1557,cookstown,tyrone,-6.738,54.615,77
1566,ely-lodge,fermanagh,-7.707,54.408,64
1567,castle-archdale-forest,fermanagh,-7.709,54.482,66
1568,st-angelo,fermanagh,-7.645,54.396,47
6182,cippenham-s-wks,berkshire,-0.643,51.507,22
6313,chertsey-abbey-mead-p-sta,surrey,-0.495,51.398,12
6706,greenwich-observatory,greater-london,-0.003,51.478,47
16580,cairnorrie-drakemyre-croft,aberdeenshire,-2.208,57.464,154
16581,rosehearty,aberdeenshire,-2.123,57.698,4
16588,gravesend-broadness,kent,0.311,51.464,3
16589,redesdale-camp,northumberland,-2.279,55.285,211
16596,topcliffe,north-yorkshire,-1.39,54.205,25
16608,littlehampton-toddington-lane,west-sussex,-0.529,50.827,3
16611,sennybridge-no-2,powys-south,-3.615,52.063,307
16725,wainfleet-no-2,lincolnshire,0.271,53.088,3
16769,wiggonholt,west-sussex,-0.494,50.938,28
16851,morecambe-no-2,lancashire,-2.86,54.076,7
17176,high-wycombe-hqair,buckinghamshire,-0.807,51.682,204
17185,lowtown,antrim,-6.01,54.831,213
17224,wight-needles-old-battery,isle-of-wight,-1.583,50.663,80
17309,crosby,merseyside,-3.058,53.497,9
17310,fettercairn-glensaugh-no-2,kincardineshire,-2.542,56.893,171
17314,leeming,north-yorkshire,-1.533,54.297,33
17336,glen-ogle,perthshire-in-central-region,-4.32,56.423,564
17344,loftus,cleveland,-0.864,54.563,158
18901,kirriemuir-st-marys-rectory,angus,-3.012,56.675,135
18902,butterstone-lunanbank,perthshire-in-tayside-region,-3.485,56.59,85
18903,south-uist-range,western-isles,-7.385,57.358,4
18959,aberfeldy-mains-of-murthly,perthshire-in-tayside-region,-3.837,56.62,174
18961,pomeroy-primary-school,tyrone,-6.922,54.594,157
18974,tiree,argyll-in-strathclyde-region,-6.881,56.5,9
19144,london-weather-centre,greater-london,-0.112,51.522,43
19172,skye-lusa,western-isles,-5.805,57.257,18
19187,coleshill,warwickshire,-1.691,52.48,96
19188,andrewsfield,essex,0.451,51.896,87
19192,killylane,antrim,-6.005,54.817,250
19202,kirkmichael-no-2,perthshire-in-tayside-region,-3.52,56.72,265
19203,bridgefoot,cumbria,-3.459,54.649,49
19204,gringley-on-the-hill,nottinghamshire,-0.884,53.406,68
19206,st-athan,south-glamorgan,-3.441,51.405,49
19221,brookhall,londonderry,-7.288,55.031,47
19241,llanbedr,gwynedd,-4.124,52.803,9
19259,dumfries-crichton-royal-no-2,dumfriesshire,-3.589,55.047,50
19260,edinburgh-gogarbank,midlothian-in-lothian-region,-3.344,55.928,57
23417,islay-port-ellen,argyll-in-strathclyde-region,-6.25,55.681,17
23446,redhill,surrey,-0.137,51.215,63
23491,halesowen-no-2,west-midlands,-2.076,52.437,153
23944,nairn-druim,nairnshire,-3.822,57.593,23
24102,coventry-coundon,west-midlands,-1.536,52.424,119
24938,durness-no-3,sutherland,-4.763,58.568,222
24996,hereford-credenhill,hereford-and-worcester,-2.802,52.08,76
25728,hemsby-trial,norfolk,1.687,52.686,14
25729,manston-trial,kent,1.348,51.352,44
30103,aviemore-trial,inverness-shire,-3.828,57.206,228
30270,bealach-na-ba-no-2,ross-and-cromarty,-5.689,57.418,773
30437,derrylin,fermanagh,-7.575,54.151,70
30523,albemarle,northumberland,-1.882,55.02,142
30620,charlwood,surrey,-0.229,51.144,67
30690,leek-thorncliffe,staffordshire,-1.981,53.128,298
55511,woodford,cheshire,-2.155,53.339,88
56486,mona,isle-of-anglesey,-4.376,53.261,60
56958,emley-moor-no-2,west-yorkshire,-1.668,53.612,267
56963,magilligan-no-2,londonderry,-6.949,55.16,6
56986,hull-east-park,humberside,-0.298,53.766,2
57063,thomastown,fermanagh,-7.595,54.33,72
57113,rostherne,cheshire,-2.382,53.36,35
57199,rostherne-no-2,cheshire,-2.382,53.36,35
57259,merryfield,somerset,-2.933,50.961,30
61986,tibenham-airfield,norfolk,1.162,52.457,52
62041,exeter-airport-no-2,devon,-3.406,50.737,27
62073,teddington-bushy-park,middlesex,-0.341,51.422,9
62083,iver-w-wks,buckinghamshire,-0.496,51.512,30
62084,battersea-heliport,greater-london,-0.179,51.47,5
62122,almondsbury,avon,-2.559,51.551,75
62199,manston-no-2,kent,1.335,51.346,54
62208,exeter-surfacenet-enclosure-aws,devon,-3.475,50.729,0
62213,brizlee-wood,northumberland,-1.767,55.418,250
62265,neatishead,norfolk,1.471,52.714,10
